title,url,instructor,rating,reviews_count,price,original_price,duration,lectures,level,bestseller
"Copywriting: Master Content Writing & Copy WritingCopywriting that Sells: Social Media, Email Marketing, Websites + Landing Pages, Content Writing, Freelance CopywriterRating: 4.4 out of 51427 reviews6 total hours76 lecturesAll LevelsCurrent price: $9.99Original price: $59.99",https://www.udemy.com/course/copywriting-class/,"Video School, Phil Ebiner, Brian Birmingham",Rating: 4.4 out of 54.4,"1,427",$9.99,Original Price$59.99,6 total hours,76 lectures,All Levels,False
"Copywriting with ChatGPT and Generative AI Writing ToolsAI for Copywriting: Taught by a Professional Copywriter! Write Smarter, Faster and Effectively with the Power of ChatGPTRating: 4.4 out of 5304 reviews1.5 total hours22 lecturesBeginnerCurrent price: $9.99Original price: $19.99",https://www.udemy.com/course/ai-copywriting-course/,"Video School, Brian Birmingham",Rating: 4.4 out of 54.4,304,$9.99,Original Price$19.99,1.5 total hours,22 lectures,Beginner,False
The Complete SEO Course From Beginner To ProfessionalUnder construction SEO course: added to most weeks: Grow with us!Rating: 4.7 out of 51924 reviews16 total hours107 lecturesAll LevelsCurrent price: $199.99,https://www.udemy.com/course/complete-pro-seo-course/,Mark Williams-Cook,Rating: 4.7 out of 54.7,"1,924",$199.99,,16 total hours,107 lectures,All Levels,False
"SEO & AI SEO Course 2026: Rank #1 on Google & AI ResultsThe complete SEO masterclass: AI tools, backlinks, technical SEO, GEO & proven systems to skyrocket your rankingsRating: 4.7 out of 536 reviews3 total hours41 lecturesAll LevelsCurrent price: $9.99Original price: $19.99",https://www.udemy.com/course/seo-ai-seo-course/,Yassine Rochd,Rating: 4.7 out of 54.7,36,$9.99,Original Price$19.99,3 total hours,41 lectures,All Levels,False
Amazon SEO & Listing Optimization SECRETS to Double Sales2026 Step-by-Step Guide to DOUBLE Your Amazon Sales TODAY Through PROVEN Amazon SEO and Listing Optimization Secrets.Rating: 4.6 out of 51478 reviews7 total hours39 lecturesAll LevelsCurrent price: $10.99Original price: $69.99,https://www.udemy.com/course/optimize-amazon-listing-amazon-seo-strategy-amazon-seo-course/,"Sumner Hobart, Ali Hobart",Rating: 4.6 out of 54.6,"1,478",$10.99,Original Price$69.99,7 total hours,39 lectures,All Levels,False
"Ultimate SEO Course 2026: Beginner to Advanced SEO with AIMaster Keyword Research, On-Page, Off-Page Optimization, Link Building, Technical SEO With AI To Drive Traffic!Rating: 4.8 out of 5533 reviews8.5 total hours150 lecturesAll LevelsCurrent price: $9.99Original price: $34.99",https://www.udemy.com/course/the-ultimate-seo-course-2024-beginner-to-advanced-seo/,Tanmoy Das,Rating: 4.8 out of 54.8,533,$9.99,Original Price$34.99,8.5 total hours,150 lectures,All Levels,False
The Complete SEO Guide: SEO For Beginner to ExpertEasy To Ways Rank Your Blog Website in Google. The Complete SEO course For Beginner to ExpertRating: 3.7 out of 5669 reviews2.5 total hours29 lecturesBeginnerCurrent price: $9.99Original price: $19.99,https://www.udemy.com/course/rank-your-blog-website-in-google-beginners-seo-course/,Web Oral,Rating: 3.7 out of 53.7,669,$9.99,Original Price$19.99,2.5 total hours,29 lectures,Beginner,False
"SEO Training Masterclass 2026: Beginner To Advanced SEOTop SEO training! Get profitable SEO traffic! WordPress SEO, Yoast SEO, keyword research, on-page SEO, link building SEORating: 4.6 out of 510483 reviews19 total hours283 lecturesAll LevelsCurrent price: $9.99Original price: $64.99",https://www.udemy.com/course/seo-with-google-other-large-platforms-to-get-great-scale/,Alex Genadinik,Rating: 4.6 out of 54.6,"10,483",$9.99,Original Price$64.99,19 total hours,283 lectures,All Levels,False
Advanced SEO Strategies 2026 - Level Up Your SEO KnowledgeLearn Advanced SEO strategies from an award-winning SEO agency owner. Advanced On-page & Off-page SEO StrategiesRating: 4.6 out of 51467 reviews4.5 total hours29 lecturesExpertCurrent price: $10.99Original price: $64.99,https://www.udemy.com/course/advanced-seo-strategies/,"Joshua George, ClickSlice Ltd",Rating: 4.6 out of 54.6,"1,467",$10.99,Original Price$64.99,4.5 total hours,29 lectures,Expert,False
"SEO Training: Google SEO, Mobile SEO, Content, Wordpress SEOSEO Training | Improve Your Website Rank with Search Engine Optimization | Mobile, Google SEO, Local SEO, Wordpress SEORating: 4.6 out of 52266 reviews4.5 total hours39 lecturesAll LevelsCurrent price: $9.99Original price: $54.99",https://www.udemy.com/course/google-seo-course/,"Phil Ebiner, Ryan Breitkreutz, Video School",Rating: 4.6 out of 54.6,"2,266",$9.99,Original Price$54.99,4.5 total hours,39 lectures,All Levels,False
SEO Strategy 2025. SEO training to Unleash Career Potential!Become an expert in Search Engine Optimization. Master the best SEO tools and take a chance to land your dream job!Rating: 4.6 out of 52369 reviews16 total hours233 lecturesBeginnerCurrent price: $9.99Original price: $54.99,https://www.udemy.com/course/seo-strategy/,"Anton Voroniuk, Anton Voroniuk Support, Agnese Repule, Artem Kolomiiets",Rating: 4.6 out of 54.6,"2,369",$9.99,Original Price$54.99,16 total hours,233 lectures,Beginner,False
"AI SEO Course 2026: From Zero to Page-One Results (AEO, GEO)Rank #1 on Google, ChatGPT etc., using top 0.1% expert's proven blueprint for AEO, GEO and AI SEO. All in just 50 daysRating: 4.6 out of 519014 reviews16 total hours247 lecturesAll LevelsCurrent price: $10.99Original price: $74.99",https://www.udemy.com/course/seo-get-to-number1-in-google-search/,Arun Nagarathanam,Rating: 4.6 out of 54.6,"19,014",$10.99,Original Price$74.99,16 total hours,247 lectures,All Levels,False
"The Ultimate SEO Training 2026 + SEO For Wordpress WebsitesSEO Training From An SEO Agency Owner: Step By Step Process To Rank #1 on Google. Keyword Research, Technical SEO & MoreRating: 4.7 out of 513913 reviews14 total hours140 lecturesAll LevelsCurrent price: $9.99Original price: $64.99",https://www.udemy.com/course/ultimate-seo-training-course/,"Joshua George, ClickSlice Ltd",Rating: 4.7 out of 54.7,"13,913",$9.99,Original Price$64.99,14 total hours,140 lectures,All Levels,False
Complete SEO Training With Top SEO Expert Peter Kent!Win The SEO Game & Dominate The Search Engines With the Author of Best-Selling Search Engine Optimization for Dummies.Rating: 4.4 out of 55514 reviews8 total hours158 lecturesAll LevelsCurrent price: $10.99Original price: $69.99,https://www.udemy.com/course/search-engine-optimization-for-beginners-seo-that-works/,Peter Kent,Rating: 4.4 out of 54.4,"5,514",$10.99,Original Price$69.99,8 total hours,158 lectures,All Levels,False
"SEO Training: Get Free Traffic to Your Website With SEOSEO Training to Rank #1 in Google. SEO Audit, Keyword Research, On Page SEO, Link Building, WordPress SEO & More!Rating: 4.4 out of 54314 reviews2.5 total hours36 lecturesAll LevelsCurrent price: $10.99Original price: $49.99",https://www.udemy.com/course/seo-roadmap/,Daragh Walsh,Rating: 4.4 out of 54.4,"4,314",$10.99,Original Price$49.99,2.5 total hours,36 lectures,All Levels,False
Complete SEO Guide to Ranking Local Business WebsitesWatch over my shoulder as I redesign and rank a real live client local business website on the 1st page of GoogleRating: 4.7 out of 54206 reviews6 total hours121 lecturesAll LevelsCurrent price: $9.99Original price: $49.99,https://www.udemy.com/course/rank-local-business-websites/,"Christine Maisel, Portable Entrepreneur",Rating: 4.7 out of 54.7,"4,206",$9.99,Original Price$49.99,6 total hours,121 lectures,All Levels,False
"SEO:Amazon Affiliate Marketing+SEO |250+ Videos |18.0 HoursUpdated Oct 2020: SEO + Amazon Affiliate Sites: ahrefs niche & keyword research, WordPress SEO, on page SEO, SEO silosRating: 4.4 out of 53420 reviews20 total hours352 lecturesAll LevelsCurrent price: $9.99Original price: $69.99",https://www.udemy.com/course/seo-complete-guide-to-building-amazon-affiliate-sites/,The SEO Academy Leaders in SEO education,Rating: 4.4 out of 54.4,"3,420",$9.99,Original Price$69.99,18.0 Hours,352 lectures,All Levels,False
SEO TrainingSEO online training from the top-rated social media training provider. Google SEO training course for computer or mobileRating: 4.0 out of 53336 reviews9.5 total hours41 lecturesAll LevelsCurrent price: $9.99Original price: $39.99,https://www.udemy.com/course/search-engine-optimization-for-business/,Eric Schwartzman,Rating: 4.0 out of 54.0,"3,336",$9.99,Original Price$39.99,9.5 total hours,41 lectures,All Levels,False
"SEO Training: Complete SEO Course & ChatGPT SEO CopywritingSEO Guide: SEO Copywriting, Content Marketing, SEO Link Building, ChatGPT SEO, WordPress SEO, WooCommerce SEO, Local SEORating: 4.1 out of 53208 reviews46.5 total hours321 lecturesAll LevelsCurrent price: $11.99Original price: $74.99",https://www.udemy.com/course/online-seo-training/,"Ing. Tomáš Morávek, Learn Digital Advertising",Rating: 4.1 out of 54.1,"3,208",$11.99,Original Price$74.99,46.5 total hours,321 lectures,All Levels,False
"Digital Marketing 101More than 80,000 have taken my class. You'll learn SEO, Strategy, Ads, Email, and Content. It's a Five-in-One Course.Rating: 4.4 out of 53007 reviews1 total hour15 lecturesBeginnerCurrent price: $10.99Original price: $39.99",https://www.udemy.com/course/digital-marketing-101/,Steven Matt,Rating: 4.4 out of 54.4,"3,007",$10.99,Original Price$39.99,1 total hour,15 lectures,Beginner,False
The Complete SEO Bootcamp 2025A step by step in-depth guide on SEO. Learn on-page SEO &amp; off-page SEO. Rank you website #1 with SEO in no time!Rating: 4.6 out of 52812 reviews1 total hour27 lecturesAll LevelsCurrent price: $11.99Original price: $44.99,https://www.udemy.com/course/the-complete-seo-bootcamp/,GlitchyBot Academy,Rating: 4.6 out of 54.6,"2,812",$11.99,Original Price$44.99,1 total hour,27 lectures,All Levels,False
"SEO For WordPress [Beginners]: #1 Step-by-Step SEO System""SEO For WordPress: Discover How to Easily Get Your Website on Page #1 of Google, Yahoo! & Bing ..Fast!Rating: 4.4 out of 52477 reviews9.5 total hours100 lecturesBeginnerCurrent price: $10.99Original price: $19.99",https://www.udemy.com/course/seo-for-wordpress-tutorial-videos/,Kent Mauresmo,Rating: 4.4 out of 54.4,"2,477",$10.99,Original Price$19.99,9.5 total hours,100 lectures,Beginner,False
"SEO Training: Google SEO, Mobile SEO, Content, Wordpress SEOSEO Training | Improve Your Website Rank with Search Engine Optimization | Mobile, Google SEO, Local SEO, Wordpress SEORating: 4.6 out of 52268 reviews4.5 total hours39 lecturesAll LevelsCurrent price: $9.99Original price: $54.99",https://www.udemy.com/course/google-seo-course/,"Phil Ebiner, Ryan Breitkreutz, Video School",Rating: 4.6 out of 54.6,"2,268",$9.99,Original Price$54.99,4.5 total hours,39 lectures,All Levels,False
Online Marketing Strategy 2026: SEO & Social Media MarketingMarketing strategy to combine social media and SEO for max growth! Growth hacking with top Internet marketing strategiesRating: 4.6 out of 52245 reviews18 total hours228 lecturesAll LevelsCurrent price: $9.99Original price: $64.99,https://www.udemy.com/course/marketing-plan-strategy-become-a-great-marketer/,Alex Genadinik,Rating: 4.6 out of 54.6,"2,245",$9.99,Original Price$64.99,18 total hours,228 lectures,All Levels,False
"Latest SEO Course 2025 | Rank in Google with SEO 2025Rank on Google with Technical SEO, Pagespeed SEO, Backlinks SEO, Keyword Research SEO & WordPress SEO Course 2025Rating: 4.7 out of 52154 reviews9.5 total hours72 lecturesAll LevelsCurrent price: $10.99Original price: $69.99",https://www.udemy.com/course/complete-seo-training-2020-easy-seo-for-wordpress-websites/,"ABDUL VALI KHAN, Digital Civilization",Rating: 4.7 out of 54.7,"2,154",$10.99,Original Price$69.99,9.5 total hours,72 lectures,All Levels,False
"SEO 2026: How I Hit #1 on Google - Complete Wordpress SEOUsing SEO to Top the Search Results. Features Link Building SEO, Content/Keyword SEO, Technical SEORating: 4.2 out of 51882 reviews4.5 total hours99 lecturesAll LevelsCurrent price: $10.99Original price: $59.99",https://www.udemy.com/course/seo-ultimate-guide/,"iMarket XL, Matt Jensen",Rating: 4.2 out of 54.2,"1,882",$10.99,Original Price$59.99,4.5 total hours,99 lectures,All Levels,False
Search Engine Optimization Complete Specialization CourseComplete SEO specialization course that covers everything you need to rank a keyword on first page of Google in 2022Rating: 3.9 out of 51372 reviews4 total hours39 lecturesAll LevelsCurrent price: $10.99Original price: $34.99,https://www.udemy.com/course/search-engine-optimization-complete-specialization-course/,Khushank Raj Mahawan,Rating: 3.9 out of 53.9,"1,372",$10.99,Original Price$34.99,4 total hours,39 lectures,All Levels,False
"YouTube SEO: How to Rank #1 on YouTubeProven Step by Step Strategy, That You Can Implement Right Now, to Rank Your Videos in the First Page of YouTube SEO.Rating: 4.7 out of 51320 reviews3 total hours38 lecturesAll LevelsCurrent price: $10.99Original price: $49.99",https://www.udemy.com/course/youtubemaster/,"Diego Davila • 1.000.000+ Students, Diego Davila Support",Rating: 4.7 out of 54.7,"1,320",$10.99,Original Price$49.99,3 total hours,38 lectures,All Levels,False
Search Engine Optimization (SEO) FundamentalsGain an understanding of to use search engine optimization to grow your site's search engine traffic.Rating: 4.6 out of 51209 reviews4.5 total hours89 lecturesAll LevelsCurrent price: $9.99Original price: $19.99,https://www.udemy.com/course/seo-beginners/,Anthony Isaac,Rating: 4.6 out of 54.6,"1,209",$9.99,Original Price$19.99,4.5 total hours,89 lectures,All Levels,False
"SEO Strategy: Keyword Research, Audit & Link BuildingSuccessfully rank your website on the 1st page of Google. Select the best keywords, optimize your site and build linksRating: 4.3 out of 51073 reviews5 total hours163 lecturesAll LevelsCurrent price: $10.99Original price: $64.99",https://www.udemy.com/course/profitable-keyword-research/,Christine Maisel,Rating: 4.3 out of 54.3,"1,073",$10.99,Original Price$64.99,5 total hours,163 lectures,All Levels,False
"2026 SEO Link Building: #1 SEO Ranking Tactic (Backlinks)Off page SEO: Get amazing SEO backlinks from authoritative, high-quality sites with top SEO linkbuilding (link building)Rating: 4.2 out of 5945 reviews6 total hours93 lecturesAll LevelsCurrent price: $10.99Original price: $64.99",https://www.udemy.com/course/link-building-for-seo/,Alex Genadinik,Rating: 4.2 out of 54.2,945,$10.99,Original Price$64.99,6 total hours,93 lectures,All Levels,False
"SEO For WordPress [Expert]: #1 Step-by-Step SEO Blueprint""SEO For WordPress: Discover How to Easily Get Your Website on Page #1 of Google, Yahoo! & Bing ..Fast!""Rating: 4.1 out of 5853 reviews1.5 total hours13 lecturesExpertCurrent price: $10.99Original price: $19.99",https://www.udemy.com/course/seo-for-wordpress-step-by-step-seo-system-2016/,Kent Mauresmo,Rating: 4.1 out of 54.1,853,$10.99,Original Price$19.99,1.5 total hours,13 lectures,Expert,False
SEO Training Academy: Learn Search Engine OptimizationMaster the art of search engine optimization by learning fundamental SEO principles and techniques in this course.Rating: 4.4 out of 5799 reviews7.5 total hours71 lecturesAll LevelsCurrent price: $10.99Original price: $64.99,https://www.udemy.com/course/seo-training-academy-learn-search-engine-optimization/,Robert Kanaat,Rating: 4.4 out of 54.4,799,$10.99,Original Price$64.99,7.5 total hours,71 lectures,All Levels,False
SEO in 2018 - SEO (Search Engine Optimization)SEO training expert with 20 years Search Engine Optimization experience shows you how to promote your website in GoogleRating: 4.4 out of 5766 reviews9.5 total hours100 lecturesAll LevelsCurrent price: $10.99Original price: $19.99,https://www.udemy.com/course/seo-tutorial-training/,David Murray,Rating: 4.4 out of 54.4,766,$10.99,Original Price$19.99,9.5 total hours,100 lectures,All Levels,False
"SEO 2026: Training with SEO Expert for BeginnersSearch Engine Optimization in 2026. Become SEO expert, improve your website and come to top using proven SEO techniques.Rating: 4.0 out of 5751 reviews3.5 total hours38 lecturesAll LevelsCurrent price: $10.99Original price: $19.99",https://www.udemy.com/course/seo-training-with-seo-expert-for-beginners/,Arkadiusz Włodarczyk,Rating: 4.0 out of 54.0,751,$10.99,Original Price$19.99,3.5 total hours,38 lectures,All Levels,False
"Modern SEO - Safe, Effective Search Engine OptimizationLearn safe, ""White Hat"" SEO that works, and won't get your site penalised.Rating: 4.6 out of 5711 reviews7 total hours93 lecturesAll LevelsCurrent price: $10.99Original price: $69.99",https://www.udemy.com/course/seo-search-engine-optimization-course/,Andrew Williams,Rating: 4.6 out of 54.6,711,$10.99,Original Price$69.99,7 total hours,93 lectures,All Levels,False
"LLM SEO, GEO, AEO: Get Traffic From ChatGPT And Other AI SEOLarge Language Model SEO, Generative Engine Optimization. Get AI search traffic on Perplexity, Claude, Google GeminiRating: 4.4 out of 5705 reviews2.5 total hours33 lecturesBeginnerCurrent price: $9.99Original price: $19.99",https://www.udemy.com/course/llm-seo-geo-get-ai-to-recommend-you/,Alex Genadinik,Rating: 4.4 out of 54.4,705,$9.99,Original Price$19.99,2.5 total hours,33 lectures,Beginner,False
